'department_id','id','created_at','first_name','last_name','email','password','recovery_question','recovery_answer'
'53af4926-52ee-41d0-9acc-ae7230300001','53af4926-52ee-41d0-9acc-ae7230400001','2017-03-25 02:17:06','NORRIN','DANYAR','NORRIND@schub.com','67eb30f74ecfde2db7c26e76357644a4','What is the name of your childhood best friend?','67eb30f74ecfde2db7c26e76357644a4'
'53af4926-52ee-41d0-9acc-ae7230300001','53af4926-52ee-41d0-9acc-ae7230400002','2017-03-25 02:17:06','LARIS','JACKSON-GRANT','LARISJ@schub.com','e3b92fe8ed91e4ea943190ec7bad5a08','What is the name of your childhood best friend?','e3b92fe8ed91e4ea943190ec7bad5a08'
'53af4926-52ee-41d0-9acc-ae7230300001','53af4926-52ee-41d0-9acc-ae7230400003','2017-03-25 02:17:06','GRAEME-JAMES','CONSTADINOS','GRAEME-JAMESC@schub.com','f9d1a1f26fd756ab74eab7c223c5aa17','What is the name of your childhood best friend?','f9d1a1f26fd756ab74eab7c223c5aa17'
'53af4926-52ee-41d0-9acc-ae7230300001','53af4926-52ee-41d0-9acc-ae7230400004','2017-03-25 02:17:06','KAHNEIL','LUCIAN-BAILEY','KAHNEILL@schub.com','9282fc53526cc50d1b6113b3efa24101','What is the name of your childhood best friend?','9282fc53526cc50d1b6113b3efa24101'
'53af4926-52ee-41d0-9acc-ae7230300001','53af4926-52ee-41d0-9acc-ae7230400005','2017-03-25 02:17:06','BARTOLOMEO','ELISA','BARTOLOMEOE@schub.com','467380a866cfc85f12b958ef1d3ecb38','What is the name of your childhood best friend?','467380a866cfc85f12b958ef1d3ecb38'
'53af4926-52ee-41d0-9acc-ae7230300002','53af4926-52ee-41d0-9acc-ae7230400006','2017-03-25 02:17:06','TIARE','KILISI','TIAREK@schub.com','c5333f4531e83f363e17fee8cdfa9ed1','What is the name of your childhood best friend?','c5333f4531e83f363e17fee8cdfa9ed1'
'53af4926-52ee-41d0-9acc-ae7230300002','53af4926-52ee-41d0-9acc-ae7230400007','2017-03-25 02:17:06','ILGVARS','RAVINESH','ILGVARSR@schub.com','f564c5d2a58a6835a2a97aa9cc40cd15','What is the name of your childhood best friend?','f564c5d2a58a6835a2a97aa9cc40cd15'
'53af4926-52ee-41d0-9acc-ae7230300002','53af4926-52ee-41d0-9acc-ae7230400008','2017-03-25 02:17:06','GIOCONDO','RAVEE','GIOCONDOR@schub.com','270ced7aef3d22b8db0e71bbac05d796','What is the name of your childhood best friend?','270ced7aef3d22b8db0e71bbac05d796'
'53af4926-52ee-41d0-9acc-ae7230300002','53af4926-52ee-41d0-9acc-ae7230400009','2017-03-25 02:17:06','OLIVERS','LORRAINE','OLIVERSL@schub.com','8fc6ffbffc297e9f7bf9e6794e440075','What is the name of your childhood best friend?','8fc6ffbffc297e9f7bf9e6794e440075'
'53af4926-52ee-41d0-9acc-ae7230300002','53af4926-52ee-41d0-9acc-ae7230400010','2017-03-25 02:17:06','PAHUL','TESLOACH','PAHULT@schub.com','b75e93fe71774c6ea1119b6699209a9e','What is the name of your childhood best friend?','b75e93fe71774c6ea1119b6699209a9e'
'53af4926-52ee-41d0-9acc-ae7230300003','53af4926-52ee-41d0-9acc-ae7230400011','2017-03-25 02:17:06','JEMMIE','IRVINE','JEMMIEI@schub.com','33a4f2ceadf21273cb326801aa1be3b6','What is the name of your childhood best friend?','33a4f2ceadf21273cb326801aa1be3b6'
'53af4926-52ee-41d0-9acc-ae7230300003','53af4926-52ee-41d0-9acc-ae7230400012','2017-03-25 02:17:06','MAZI','AADIL','MAZIA@schub.com','c4ffc372e46fa9471985cbe63af28fa1','What is the name of your childhood best friend?','c4ffc372e46fa9471985cbe63af28fa1'
'53af4926-52ee-41d0-9acc-ae7230300003','53af4926-52ee-41d0-9acc-ae7230400013','2017-03-25 02:17:06','DEKOTA','THEOHARIS','DEKOTAT@schub.com','da7f08447d7b20bd8f9b97cc17f0cfba','What is the name of your childhood best friend?','da7f08447d7b20bd8f9b97cc17f0cfba'
'53af4926-52ee-41d0-9acc-ae7230300003','53af4926-52ee-41d0-9acc-ae7230400014','2017-03-25 02:17:06','MELVEN','DARRAL','MELVEND@schub.com','35f85fd9f721c9b731d8fba1ca9b1e57','What is the name of your childhood best friend?','35f85fd9f721c9b731d8fba1ca9b1e57'
'53af4926-52ee-41d0-9acc-ae7230300003','53af4926-52ee-41d0-9acc-ae7230400015','2017-03-25 02:17:06','DJUMA','RINALDO','DJUMAR@schub.com','e204fdb8cf2f79078f17a7960bf5c8cc','What is the name of your childhood best friend?','e204fdb8cf2f79078f17a7960bf5c8cc'
'53af4926-52ee-41d0-9acc-ae7230300004','53af4926-52ee-41d0-9acc-ae7230400016','2017-03-25 02:17:07','KENZIE','TAKSH','KENZIET@schub.com','4f69efaab07820280f71bd1d6118338e','What is the name of your childhood best friend?','4f69efaab07820280f71bd1d6118338e'
'53af4926-52ee-41d0-9acc-ae7230300004','53af4926-52ee-41d0-9acc-ae7230400017','2017-03-25 02:17:08','JEREMIAH','COAN','JEREMIAHC@schub.com','7aa2eab55dfc60b939ebb01ca7766982','What is the name of your childhood best friend?','7aa2eab55dfc60b939ebb01ca7766982'
'53af4926-52ee-41d0-9acc-ae7230300004','53af4926-52ee-41d0-9acc-ae7230400018','2017-03-25 02:17:09','JOSHUA-ADAM','SOTIRIS','JOSHUA-ADAMS@schub.com','ecd4f88a91408ad91395f954f2734bd6','What is the name of your childhood best friend?','ecd4f88a91408ad91395f954f2734bd6'
'53af4926-52ee-41d0-9acc-ae7230300004','53af4926-52ee-41d0-9acc-ae7230400019','2017-03-25 02:17:10','LEEVI-JAMES','NEUTON','LEEVI-JAMESN@schub.com','54437ec4b54847dfbf5edaeaa2b58a9d','What is the name of your childhood best friend?','54437ec4b54847dfbf5edaeaa2b58a9d'
'53af4926-52ee-41d0-9acc-ae7230300004','53af4926-52ee-41d0-9acc-ae7230400020','2017-03-25 02:17:11','MICHELINO','BIENFAIT','MICHELINOB@schub.com','e8016af3b82af13f44fc86052de72cf4','What is the name of your childhood best friend?','e8016af3b82af13f44fc86052de72cf4'
'53af4926-52ee-41d0-9acc-ae7230300005','53af4926-52ee-41d0-9acc-ae7230400021','2017-03-25 02:17:12','JAPJEET','WASSIM','JAPJEETW@schub.com','e0b473e993b32a1af392d36995243900','What is the name of your childhood best friend?','e0b473e993b32a1af392d36995243900'
'53af4926-52ee-41d0-9acc-ae7230300005','53af4926-52ee-41d0-9acc-ae7230400022','2017-03-25 02:17:13','JETTARIN','SUHAIB','JETTARINS@schub.com','b07ad1b7b261b0c69d810bfa23d3fcb9','What is the name of your childhood best friend?','b07ad1b7b261b0c69d810bfa23d3fcb9'
'53af4926-52ee-41d0-9acc-ae7230300005','53af4926-52ee-41d0-9acc-ae7230400023','2017-03-25 02:17:14','PELOPIDAS','LIZETTE','PELOPIDASL@schub.com','5dc4888ca07c1e62bab7297fbbcaf946','What is the name of your childhood best friend?','5dc4888ca07c1e62bab7297fbbcaf946'
'53af4926-52ee-41d0-9acc-ae7230300005','53af4926-52ee-41d0-9acc-ae7230400024','2017-03-25 02:17:15','FLAME','DYNA','FLAMED@schub.com','801ef6f4b751e775f53393fb462243dd','What is the name of your childhood best friend?','801ef6f4b751e775f53393fb462243dd'
'53af4926-52ee-41d0-9acc-ae7230300005','53af4926-52ee-41d0-9acc-ae7230400025','2017-03-25 02:17:16','YUGEETH','BOURNEART','YUGEETHB@schub.com','54605a8d9ec6e4818948a36bfc7fe24d','What is the name of your childhood best friend?','54605a8d9ec6e4818948a36bfc7fe24d'
'53af4926-52ee-41d0-9acc-ae7230300006','53af4926-52ee-41d0-9acc-ae7230400026','2017-03-25 02:17:17','MAX-SHINGO','TEIGUE','MAX-SHINGOT@schub.com','6c904cea3fd669e97d62085e49ea299b','What is your favorite football team?','6c904cea3fd669e97d62085e49ea299b'
'53af4926-52ee-41d0-9acc-ae7230300006','53af4926-52ee-41d0-9acc-ae7230400027','2017-03-25 02:17:18','SWEN','ZEFFERINO','SWENZ@schub.com','1aa97d8de84d33f00c51a295e2e273a1','What is your favorite football team?','1aa97d8de84d33f00c51a295e2e273a1'
'53af4926-52ee-41d0-9acc-ae7230300006','53af4926-52ee-41d0-9acc-ae7230400028','2017-03-25 02:17:19','LAURENT','TYRENE','LAURENTT@schub.com','abdfffc0a6bb1b9deacc71b4a28597e4','What is your favorite football team?','abdfffc0a6bb1b9deacc71b4a28597e4'
'53af4926-52ee-41d0-9acc-ae7230300006','53af4926-52ee-41d0-9acc-ae7230400029','2017-03-25 02:17:20','KOHBI','SAWYER','KOHBIS@schub.com','f866c390efda7e30c586f440d89199ac','What is your favorite football team?','f866c390efda7e30c586f440d89199ac'
'53af4926-52ee-41d0-9acc-ae7230300006','53af4926-52ee-41d0-9acc-ae7230400030','2017-03-25 02:17:21','RHYTHM','RACHELLE','RHYTHMR@schub.com','ef87082c5e293258dc61d8c6f146a38b','What is your favorite football team?','ef87082c5e293258dc61d8c6f146a38b'
'53af4926-52ee-41d0-9acc-ae7230300007','53af4926-52ee-41d0-9acc-ae7230400031','2017-03-25 02:17:22','MARISA','JERRY-ERNEST','MARISAJ@schub.com','f20376aa8318f33b44c749d3c0b165a8','What is your favorite football team?','f20376aa8318f33b44c749d3c0b165a8'
'53af4926-52ee-41d0-9acc-ae7230300007','53af4926-52ee-41d0-9acc-ae7230400032','2017-03-25 02:17:23','WILLMEN','NICHOLAOS','WILLMENN@schub.com','be4607df51b9aed28f50776aab57cc45','What is your favorite football team?','be4607df51b9aed28f50776aab57cc45'
'53af4926-52ee-41d0-9acc-ae7230300007','53af4926-52ee-41d0-9acc-ae7230400033','2017-03-25 02:17:24','BRADAN','LEXIS','BRADANL@schub.com','2d31a7534554666c3d247fad943139f5','What is your favorite football team?','2d31a7534554666c3d247fad943139f5'
'53af4926-52ee-41d0-9acc-ae7230300007','53af4926-52ee-41d0-9acc-ae7230400034','2017-03-25 02:17:25','TUAN','NARONG','TUANN@schub.com','2725126422ebf14a866da99719d6f946','What is your favorite football team?','2725126422ebf14a866da99719d6f946'
'53af4926-52ee-41d0-9acc-ae7230300007','53af4926-52ee-41d0-9acc-ae7230400035','2017-03-25 02:17:26','GIUSEPPA','WOUTER','GIUSEPPAW@schub.com','905d848ff222662c2058c8f4be536769','What is your favorite football team?','905d848ff222662c2058c8f4be536769'
'53af4926-52ee-41d0-9acc-ae7230300008','53af4926-52ee-41d0-9acc-ae7230400036','2017-03-25 02:17:27','CARMINE','BRAE','CARMINEB@schub.com','b47fc8babe88f5093bb5614899184161','What is your favorite football team?','b47fc8babe88f5093bb5614899184161'
'53af4926-52ee-41d0-9acc-ae7230300008','53af4926-52ee-41d0-9acc-ae7230400037','2017-03-25 02:17:28','ABDALAH','YIJIE','ABDALAHY@schub.com','6e529e448337ef79675550004f7dd90c','What is your favorite football team?','6e529e448337ef79675550004f7dd90c'
'53af4926-52ee-41d0-9acc-ae7230300008','53af4926-52ee-41d0-9acc-ae7230400038','2017-03-25 02:17:29','METHUL','BRONTYN','METHULB@schub.com','9177285ac3d8a007a956e72721a3d958','What is your favorite football team?','9177285ac3d8a007a956e72721a3d958'
'53af4926-52ee-41d0-9acc-ae7230300008','53af4926-52ee-41d0-9acc-ae7230400039','2017-03-25 02:17:30','FULVIO','CRISTOPHER','FULVIOC@schub.com','f505f5f04140e9797ae91228fa3fa1b1','What is your favorite football team?','f505f5f04140e9797ae91228fa3fa1b1'
'53af4926-52ee-41d0-9acc-ae7230300008','53af4926-52ee-41d0-9acc-ae7230400040','2017-03-25 02:17:31','KAIYU','TYRAN','KAIYUT@schub.com','34f5f7508c43c5110b8af461842ddbda','What is your favorite football team?','34f5f7508c43c5110b8af461842ddbda'
'53af4926-52ee-41d0-9acc-ae7230300009','53af4926-52ee-41d0-9acc-ae7230400041','2017-03-25 02:17:32','KIRAN','DUT','KIRAND@schub.com','1ff0f1de21f8fd98cc37583f22ac36d6','What is your favorite football team?','1ff0f1de21f8fd98cc37583f22ac36d6'
'53af4926-52ee-41d0-9acc-ae7230300009','53af4926-52ee-41d0-9acc-ae7230400042','2017-03-25 02:17:33','JY','RITO','JYR@schub.com','009364be9db3d3301dee7e143c804e4a','What is your favorite football team?','009364be9db3d3301dee7e143c804e4a'
'53af4926-52ee-41d0-9acc-ae7230300009','53af4926-52ee-41d0-9acc-ae7230400043','2017-03-25 02:17:34','ELTEN','TARNELL','ELTENT@schub.com','3f146f3422f6b1e46e48549bb900c717','What is your favorite football team?','3f146f3422f6b1e46e48549bb900c717'
'53af4926-52ee-41d0-9acc-ae7230300009','53af4926-52ee-41d0-9acc-ae7230400044','2017-03-25 02:17:35','ASAD','GIM','ASADG@schub.com','a49d668f0d47d4fad981842eba5127ab','What is your favorite football team?','a49d668f0d47d4fad981842eba5127ab'
'53af4926-52ee-41d0-9acc-ae7230300009','53af4926-52ee-41d0-9acc-ae7230400045','2017-03-25 02:17:36','SATYAN','PANTELLIS','SATYANP@schub.com','fb70c54403fa5c37f637e45442199658','What is your favorite football team?','fb70c54403fa5c37f637e45442199658'
'53af4926-52ee-41d0-9acc-ae7230300010','53af4926-52ee-41d0-9acc-ae7230400046','2017-03-25 02:17:37','HUXLEY','SERJIO','HUXLEYS@schub.com','e1dd784ae015d87a4431bbd38249ade1','What is your favorite football team?','e1dd784ae015d87a4431bbd38249ade1'
'53af4926-52ee-41d0-9acc-ae7230300010','53af4926-52ee-41d0-9acc-ae7230400047','2017-03-25 02:17:38','PANFILIO','FAITH','PANFILIOF@schub.com','455f6db877b2d47cbff4a103ff15b59f','What is your favorite football team?','455f6db877b2d47cbff4a103ff15b59f'
'53af4926-52ee-41d0-9acc-ae7230300010','53af4926-52ee-41d0-9acc-ae7230400048','2017-03-25 02:17:39','WIENDELD','RAIMOND','WIENDELDR@schub.com','74b06b5f94f071de822a0ae6d73c1a68','What is your favorite football team?','74b06b5f94f071de822a0ae6d73c1a68'
'53af4926-52ee-41d0-9acc-ae7230300010','53af4926-52ee-41d0-9acc-ae7230400049','2017-03-25 02:17:40','NESTORAS','JHYRELLE','NESTORASJ@schub.com','99210579b2885e7b168684bbb5683082','What is your favorite football team?','99210579b2885e7b168684bbb5683082'
'53af4926-52ee-41d0-9acc-ae7230300010','53af4926-52ee-41d0-9acc-ae7230400050','2017-03-25 02:17:41','STANLEIGH','TSAMBIKOS','STANLEIGHT@schub.com','d38006a7038fb5130f046aff074d6160','What is your favorite football team?','d38006a7038fb5130f046aff074d6160'
'53af4926-52ee-41d0-9acc-ae7230300011','53af4926-52ee-41d0-9acc-ae7230400051','2017-03-25 02:17:42','JULIA','PROCOPPIO','JULIAP@schub.com','8d5d75888147a52d55f206aac8607656','What is your mother''s maiden name?','8d5d75888147a52d55f206aac8607656'
'53af4926-52ee-41d0-9acc-ae7230300011','53af4926-52ee-41d0-9acc-ae7230400052','2017-03-25 02:17:43','ZAXTON','DREJ','ZAXTOND@schub.com','6849f412bad1f7beffebde81d78ea2ba','What is your mother''s maiden name?','6849f412bad1f7beffebde81d78ea2ba'
'53af4926-52ee-41d0-9acc-ae7230300011','53af4926-52ee-41d0-9acc-ae7230400053','2017-03-25 02:17:44','GALUAK','MIKLOS','GALUAKM@schub.com','2013a24ae31f2db80afb5a75ae51b930','What is your mother''s maiden name?','2013a24ae31f2db80afb5a75ae51b930'
'53af4926-52ee-41d0-9acc-ae7230300011','53af4926-52ee-41d0-9acc-ae7230400054','2017-03-25 02:17:45','LEAVI','ALLEINE','LEAVIA@schub.com','609354297210defb904d9af5dd3a85b6','What is your mother''s maiden name?','609354297210defb904d9af5dd3a85b6'
'53af4926-52ee-41d0-9acc-ae7230300011','53af4926-52ee-41d0-9acc-ae7230400055','2017-03-25 02:17:46','JASHANDEEP','SHAUGHN','JASHANDEEPS@schub.com','0138dd85c7c745c2dace9a903a110237','What is your mother''s maiden name?','0138dd85c7c745c2dace9a903a110237'
'53af4926-52ee-41d0-9acc-ae7230300012','53af4926-52ee-41d0-9acc-ae7230400056','2017-03-25 02:17:47','SOMDEO','DALEY','SOMDEOD@schub.com','75d510761d600d7c33e3d688fc8812e0','What is your mother''s maiden name?','75d510761d600d7c33e3d688fc8812e0'
'53af4926-52ee-41d0-9acc-ae7230300012','53af4926-52ee-41d0-9acc-ae7230400057','2017-03-25 02:17:48','JAKODA','AVIKRIT','JAKODAA@schub.com','0cfeef801c365dbdc2b98af7abce416f','What is your mother''s maiden name?','0cfeef801c365dbdc2b98af7abce416f'
'53af4926-52ee-41d0-9acc-ae7230300012','53af4926-52ee-41d0-9acc-ae7230400058','2017-03-25 02:17:49','VLADAMIRE','LEMIAH','VLADAMIREL@schub.com','8ca0db10507f657993e4f25f5b1fab2f','What is your mother''s maiden name?','8ca0db10507f657993e4f25f5b1fab2f'
'53af4926-52ee-41d0-9acc-ae7230300012','53af4926-52ee-41d0-9acc-ae7230400059','2017-03-25 02:17:50','YAVAR','RAMUNAS','YAVARR@schub.com','735e6be04afe48da3ac6e490f9ee7dac','What is your mother''s maiden name?','735e6be04afe48da3ac6e490f9ee7dac'
'53af4926-52ee-41d0-9acc-ae7230300012','53af4926-52ee-41d0-9acc-ae7230400060','2017-03-25 02:17:51','ELIO','ZAQUIN','ELIOZ@schub.com','e8ac7cbe2bfa9e5c8732774eabd34612','What is your mother''s maiden name?','e8ac7cbe2bfa9e5c8732774eabd34612'
'53af4926-52ee-41d0-9acc-ae7230300013','53af4926-52ee-41d0-9acc-ae7230400061','2017-03-25 02:17:52','ILLYA','RAHAO','ILLYAR@schub.com','2b7e0e561b57fb69815328ca5e6c880a','What is your mother''s maiden name?','2b7e0e561b57fb69815328ca5e6c880a'
'53af4926-52ee-41d0-9acc-ae7230300013','53af4926-52ee-41d0-9acc-ae7230400062','2017-03-25 02:17:53','KLAYE','AEDANN','KLAYEA@schub.com','ad665e3f1a0c6573f2d2b4db56141a47','What is your mother''s maiden name?','ad665e3f1a0c6573f2d2b4db56141a47'
'53af4926-52ee-41d0-9acc-ae7230300013','53af4926-52ee-41d0-9acc-ae7230400063','2017-03-25 02:17:54','DILRAJVEER','ROBBINSON','DILRAJVEERR@schub.com','8decdf7c1400d0e55180cc120273ff64','What is your mother''s maiden name?','8decdf7c1400d0e55180cc120273ff64'
'53af4926-52ee-41d0-9acc-ae7230300013','53af4926-52ee-41d0-9acc-ae7230400064','2017-03-25 02:17:55','GWIDON','CONSTANTINUS','GWIDONC@schub.com','21d06d04b4615304ffc7f5a3c8daa076','What is your mother''s maiden name?','21d06d04b4615304ffc7f5a3c8daa076'
'53af4926-52ee-41d0-9acc-ae7230300013','53af4926-52ee-41d0-9acc-ae7230400065','2017-03-25 02:17:56','SAXSON','PHYLLIP','SAXSONP@schub.com','001637c389156afe798e1185d6ee9c57','What is your mother''s maiden name?','001637c389156afe798e1185d6ee9c57'
'53af4926-52ee-41d0-9acc-ae7230300014','53af4926-52ee-41d0-9acc-ae7230400066','2017-03-25 02:17:57','DATAGNIAN','LYNNETTE','DATAGNIANL@schub.com','1932726a9955142745a50ee7d8b797e5','What is your mother''s maiden name?','1932726a9955142745a50ee7d8b797e5'
'53af4926-52ee-41d0-9acc-ae7230300014','53af4926-52ee-41d0-9acc-ae7230400067','2017-03-25 02:17:58','ARLI','CLAUDY','ARLIC@schub.com','676987eb57736c6a0f644d88b2a2a961','What is your mother''s maiden name?','676987eb57736c6a0f644d88b2a2a961'
'53af4926-52ee-41d0-9acc-ae7230300014','53af4926-52ee-41d0-9acc-ae7230400068','2017-03-25 02:17:59','GIAVANNI','JAMESON','GIAVANNIJ@schub.com','51d649e759e5e2ab8d2c9dd29e2300f0','What is your mother''s maiden name?','51d649e759e5e2ab8d2c9dd29e2300f0'
'53af4926-52ee-41d0-9acc-ae7230300014','53af4926-52ee-41d0-9acc-ae7230400069','2017-03-25 02:17:00','FRANSCESCO','TERRENCE','FRANSCESCOT@schub.com','709abcf31983318f9b42cc87223186b2','What is your mother''s maiden name?','709abcf31983318f9b42cc87223186b2'
'53af4926-52ee-41d0-9acc-ae7230300014','53af4926-52ee-41d0-9acc-ae7230400070','2017-03-25 02:17:01','SANFORD','MANROVEN','SANFORDM@schub.com','b25d4534cb8e851ca3b0c32664966dc7','What is your mother''s maiden name?','b25d4534cb8e851ca3b0c32664966dc7'
'53af4926-52ee-41d0-9acc-ae7230300015','53af4926-52ee-41d0-9acc-ae7230400071','2017-03-25 02:17:02','MANOUSOS','FRANCISO','MANOUSOSF@schub.com','d23b707c4641d959ca836b60c91cef43','What is your mother''s maiden name?','d23b707c4641d959ca836b60c91cef43'
'53af4926-52ee-41d0-9acc-ae7230300015','53af4926-52ee-41d0-9acc-ae7230400072','2017-03-25 02:17:03','MAYOORAN','BOSTIAN','MAYOORANB@schub.com','b0daa34d3a4d12bcd2ca6e7fab85125f','What is your mother''s maiden name?','b0daa34d3a4d12bcd2ca6e7fab85125f'
'53af4926-52ee-41d0-9acc-ae7230300015','53af4926-52ee-41d0-9acc-ae7230400073','2017-03-25 02:17:04','PIERR','RANA','PIERRR@schub.com','32d92bd3784c69fc20396a1936b7596c','What is your mother''s maiden name?','32d92bd3784c69fc20396a1936b7596c'
'53af4926-52ee-41d0-9acc-ae7230300015','53af4926-52ee-41d0-9acc-ae7230400074','2017-03-25 02:17:05','ELIJIAH','CHIP','ELIJIAHC@schub.com','70513cf3b03857244fd58eec2d36f19b','What is your mother''s maiden name?','70513cf3b03857244fd58eec2d36f19b'
'53af4926-52ee-41d0-9acc-ae7230300015','53af4926-52ee-41d0-9acc-ae7230400075','2017-03-25 02:17:06','RYNE','DENZIL','RYNED@schub.com','17bfc8779c9ea3a6416df63d601dd99d','What is your mother''s maiden name?','17bfc8779c9ea3a6416df63d601dd99d'
'53af4926-52ee-41d0-9acc-ae7230300016','53af4926-52ee-41d0-9acc-ae7230400076','2017-03-25 02:17:07','AVANTIKA','CONNIE-ANTHONY','AVANTIKAC@schub.com','79a1232500da9534ec0ccf3fc354b37f','What street did you live as a child?','79a1232500da9534ec0ccf3fc354b37f'
'53af4926-52ee-41d0-9acc-ae7230300016','53af4926-52ee-41d0-9acc-ae7230400077','2017-03-25 02:17:08','MINH-KHOI','PANAYI','MINH-KHOIP@schub.com','cbea60a0370bc403edece2614ff20da6','What street did you live as a child?','cbea60a0370bc403edece2614ff20da6'
'53af4926-52ee-41d0-9acc-ae7230300016','53af4926-52ee-41d0-9acc-ae7230400078','2017-03-25 02:17:09','MASIEH','ADAMANTIOS','MASIEHA@schub.com','8e20f80742a682ef669b3aa920d52045','What street did you live as a child?','8e20f80742a682ef669b3aa920d52045'
'53af4926-52ee-41d0-9acc-ae7230300016','53af4926-52ee-41d0-9acc-ae7230400079','2017-03-25 02:17:10','DELAN','MAJEED','DELANM@schub.com','e8ee9232c77626676a255707a24807d1','What street did you live as a child?','e8ee9232c77626676a255707a24807d1'
'53af4926-52ee-41d0-9acc-ae7230300016','53af4926-52ee-41d0-9acc-ae7230400080','2017-03-25 02:17:11','ANUBHAV','TOUTAI','ANUBHAVT@schub.com','c05a31bf415310e81fad76d0e5fd60f3','What street did you live as a child?','c05a31bf415310e81fad76d0e5fd60f3'
'53af4926-52ee-41d0-9acc-ae7230300017','53af4926-52ee-41d0-9acc-ae7230400081','2017-03-25 02:17:12','BURNIE','ATHANASE','BURNIEA@schub.com','28472e597eafcac5d8f92bf6b1bb39ea','What street did you live as a child?','28472e597eafcac5d8f92bf6b1bb39ea'
'53af4926-52ee-41d0-9acc-ae7230300017','53af4926-52ee-41d0-9acc-ae7230400082','2017-03-25 02:17:13','DISEA','MENELAOS','DISEAM@schub.com','8deedfe21c7455cb78c0245087041581','What street did you live as a child?','8deedfe21c7455cb78c0245087041581'
'53af4926-52ee-41d0-9acc-ae7230300017','53af4926-52ee-41d0-9acc-ae7230400083','2017-03-25 02:17:14','TABE','INGOLF','TABEI@schub.com','2716214f5eaa298c3858a61422f9ebca','What street did you live as a child?','2716214f5eaa298c3858a61422f9ebca'
'53af4926-52ee-41d0-9acc-ae7230300017','53af4926-52ee-41d0-9acc-ae7230400084','2017-03-25 02:17:15','MAN','BLAIDIN','MANB@schub.com','3f980639a27910b0d5a23501d1dd1370','What street did you live as a child?','3f980639a27910b0d5a23501d1dd1370'
'53af4926-52ee-41d0-9acc-ae7230300017','53af4926-52ee-41d0-9acc-ae7230400085','2017-03-25 02:17:16','NABHYA','AGELIS','NABHYAA@schub.com','4eee69699b32eb224969503c920f1c0e','What street did you live as a child?','4eee69699b32eb224969503c920f1c0e'
'53af4926-52ee-41d0-9acc-ae7230300018','53af4926-52ee-41d0-9acc-ae7230400086','2017-03-25 02:17:17','VRASIDAS','MAY','VRASIDASM@schub.com','2fc46957c1ded159cc14b43950d81406','What street did you live as a child?','2fc46957c1ded159cc14b43950d81406'
'53af4926-52ee-41d0-9acc-ae7230300018','53af4926-52ee-41d0-9acc-ae7230400087','2017-03-25 02:17:18','CONCEZIO','TREVAHN','CONCEZIOT@schub.com','4cdaebbed527cde7b6fd002012c364ae','What street did you live as a child?','4cdaebbed527cde7b6fd002012c364ae'
'53af4926-52ee-41d0-9acc-ae7230300018','53af4926-52ee-41d0-9acc-ae7230400088','2017-03-25 02:17:19','LAMINE','SUNDARRA','LAMINES@schub.com','e00b2334c72b7ae4c6e9d01521c48a7f','What street did you live as a child?','e00b2334c72b7ae4c6e9d01521c48a7f'
'53af4926-52ee-41d0-9acc-ae7230300018','53af4926-52ee-41d0-9acc-ae7230400089','2017-03-25 02:17:20','NGUYEN-THUAN','LOUNG','NGUYEN-THUANL@schub.com','b89f44bde858344e0b11e795bb2db9ab','What street did you live as a child?','b89f44bde858344e0b11e795bb2db9ab'
'53af4926-52ee-41d0-9acc-ae7230300018','53af4926-52ee-41d0-9acc-ae7230400090','2017-03-25 02:17:21','HAKIM','NICKOLAS-GEORGE','HAKIMN@schub.com','3bebfdbf17aa207243217bf55aa8336a','What street did you live as a child?','3bebfdbf17aa207243217bf55aa8336a'
'53af4926-52ee-41d0-9acc-ae7230300019','53af4926-52ee-41d0-9acc-ae7230400091','2017-03-25 02:17:22','HAOFENG','TIMM','HAOFENGT@schub.com','b595a5974356b2cda5be6bd903fb3f3f','What street did you live as a child?','b595a5974356b2cda5be6bd903fb3f3f'
'53af4926-52ee-41d0-9acc-ae7230300019','53af4926-52ee-41d0-9acc-ae7230400092','2017-03-25 02:17:23','GEREDD','TORQUIL','GEREDDT@schub.com','b740b62e271c1a033ee799cc87235158','What street did you live as a child?','b740b62e271c1a033ee799cc87235158'
'53af4926-52ee-41d0-9acc-ae7230300019','53af4926-52ee-41d0-9acc-ae7230400093','2017-03-25 02:17:24','OLIVAR','BLYTHE','OLIVARB@schub.com','83921fb0756ef909d53cd39739a29a9f','What street did you live as a child?','83921fb0756ef909d53cd39739a29a9f'
'53af4926-52ee-41d0-9acc-ae7230300019','53af4926-52ee-41d0-9acc-ae7230400094','2017-03-25 02:17:25','LEELAND','BESHARA','LEELANDB@schub.com','53ebca91e97956ff0fc57eb1df9a616d','What street did you live as a child?','53ebca91e97956ff0fc57eb1df9a616d'
'53af4926-52ee-41d0-9acc-ae7230300019','53af4926-52ee-41d0-9acc-ae7230400095','2017-03-25 02:17:26','JAQUAN','ONDREJ','JAQUANO@schub.com','3ae36dca5797a800ab86c38c10f50a5a','What street did you live as a child?','3ae36dca5797a800ab86c38c10f50a5a'
'53af4926-52ee-41d0-9acc-ae7230300020','53af4926-52ee-41d0-9acc-ae7230400096','2017-03-25 02:17:27','AZZEDINE','SIHARK','AZZEDINES@schub.com','d7a110c0c75c31f6b202dfd3a6926c38','What street did you live as a child?','d7a110c0c75c31f6b202dfd3a6926c38'
'53af4926-52ee-41d0-9acc-ae7230300020','53af4926-52ee-41d0-9acc-ae7230400097','2017-03-25 02:17:28','REMIGIO','CLAUDE','REMIGIOC@schub.com','9a6bfc459f209ca213f87ceaab0e6fa3','What street did you live as a child?','9a6bfc459f209ca213f87ceaab0e6fa3'
'53af4926-52ee-41d0-9acc-ae7230300020','53af4926-52ee-41d0-9acc-ae7230400098','2017-03-25 02:17:29','LUCAIS','SPENCE','LUCAISS@schub.com','a7e577af9bbc7153ebae7d2ca5ec7975','What street did you live as a child?','a7e577af9bbc7153ebae7d2ca5ec7975'
'53af4926-52ee-41d0-9acc-ae7230300020','53af4926-52ee-41d0-9acc-ae7230400099','2017-03-25 02:17:30','LOUKA','MITCHLEY','LOUKAM@schub.com','598ea8729a3eba076d543a2d5c5788ac','What street did you live as a child?','598ea8729a3eba076d543a2d5c5788ac'
'53af4926-52ee-41d0-9acc-ae7230300020','53af4926-52ee-41d0-9acc-ae7230400100','2017-03-25 02:17:31','RUPANUGA','LAURRIE','RUPANUGAL@schub.com','d3df3ca0260449643d41e614de9052e5','What street did you live as a child?','d3df3ca0260449643d41e614de9052e5'
